{"count": 14, "results": [{"id": 1, "name": "Source Code", "description": "http://ctf.hydewww.cn:5001/", "max_attempts": 0, "value": 1, "category": "Basic", "type": "standard", "hidden": false}, {"id": 2, "name": "Cookie", "description": "http://ctf.hydewww.cn:5002/cookie/", "max_attempts": 0, "value": 1, "category": "Basic", "type": "standard", "hidden": false}, {"id": 3, "name": "HTTP Header", "description": "http://ctf.hydewww.cn:5003/", "max_attempts": 0, "value": 1, "category": "Basic", "type": "standard", "hidden": false}, {"id": 4, "name": "Basic SQL Injection", "description": "http://ctf.hydewww.cn:5004/", "max_attempts": 0, "value": 10, "category": "SQL", "type": "standard", "hidden": false}, {"id": 5, "name": "Robots.txt", "description": "http://ctf.hydewww.cn:5005/", "max_attempts": 0, "value": 1, "category": "Basic", "type": "standard", "hidden": false}, {"id": 6, "name": "PHP\u5f31\u7c7b\u578b\u6bd4\u8f83", "description": "http://ctf.hydewww.cn:5006/", "max_attempts": 0, "value": 10, "category": "PHP", "type": "standard", "hidden": false}, {"id": 7, "name": "GET", "description": "http://ctf.hydewww.cn:5007/", "max_attempts": 0, "value": 1, "category": "Basic", "type": "standard", "hidden": false}, {"id": 8, "name": "POST", "description": "http://ctf.hydewww.cn:5008/", "max_attempts": 0, "value": 1, "category": "Basic", "type": "standard", "hidden": false}, {"id": 9, "name": "Unserialize", "description": "http://ctf.hydewww.cn:5009/", "max_attempts": 0, "value": 10, "category": "PHP", "type": "standard", "hidden": false}, {"id": 10, "name": "Basic XSS", "description": "http://ctf.hydewww.cn:5010/", "max_attempts": 0, "value": 20, "category": "XSS", "type": "standard", "hidden": false}, {"id": 11, "name": "\u8868\u5355\u8f93\u5165", "description": "http://ctf.hydewww.cn:5011/", "max_attempts": 0, "value": 2, "category": "Basic", "type": "standard", "hidden": false}, {"id": 12, "name": "\u672c\u5730\u6587\u4ef6\u5305\u542b", "description": "http://ctf.hydewww.com:5012/", "max_attempts": 0, "value": 10, "category": "PHP", "type": "standard", "hidden": false}, {"id": 13, "name": "\u5bbd\u5b57\u8282\u6ce8\u5165", "description": "http://ctf.hydewww.cn:5013/", "max_attempts": 0, "value": 15, "category": "SQL", "type": "standard", "hidden": false}, {"id": 14, "name": "RPO", "description": "http://ctf.hydewww.cn:5014/", "max_attempts": 0, "value": 20, "category": "WEB", "type": "standard", "hidden": false}], "meta": {}}