{"count": 14, "results": [{"id": 1, "chal": 1, "type": "static", "flag": "flag{Source_c0De}", "data": null}, {"id": 2, "chal": 2, "type": "static", "flag": "flag{c0Okie}", "data": null}, {"id": 3, "chal": 3, "type": "static", "flag": "flag{htTp_HeAd3r}", "data": null}, {"id": 4, "chal": 4, "type": "static", "flag": "flag{sql_injection}", "data": null}, {"id": 5, "chal": 5, "type": "static", "flag": "flag{r0b0_t3}", "data": null}, {"id": 6, "chal": 6, "type": "static", "flag": "flag{mD5_c0l1ision}", "data": null}, {"id": 7, "chal": 7, "type": "static", "flag": "flag{hTtp_G3t}", "data": null}, {"id": 8, "chal": 8, "type": "static", "flag": "flag{hTtP_p0sT}", "data": null}, {"id": 9, "chal": 9, "type": "static", "flag": "flag{Uns3r1AliZe}", "data": null}, {"id": 10, "chal": 10, "type": "static", "flag": "flag{bAsiC_X5s}", "data": null}, {"id": 11, "chal": 11, "type": "static", "flag": "flag{InPu7}", "data": null}, {"id": 12, "chal": 12, "type": "static", "flag": "flag{L0ca1_Fi1e_InclUsIon}", "data": null}, {"id": 13, "chal": 13, "type": "static", "flag": "flag{mUlti@By7e}", "data": null}, {"id": 14, "chal": 14, "type": "static", "flag": "flag{Maybe_xss_code_here}", "data": null}], "meta": {}}