{"count": 1, "results": [{"id": 1, "auth_required": false, "title": "None", "route": "index", "html": "<div class=\"row\">\r\n    <div class=\"col-md-6 offset-md-3\">\r\n        <img class=\"w-100 mx-auto d-block\" style=\"max-width: 500px;padding: 50px;padding-top: 14vh;\" src=\"themes/core/static/img/logo.png\" />\r\n\t\t\t\t <p>\u65e8\u5728\u4ece<b>\u96f6\u57fa\u7840</b>\u5feb\u901f\u4e86\u89e3CTF WEB\u9898\u6d89\u53ca\u7684\u5404\u79cd\u77e5\u8bc6\u70b9</p>\r\n            <p>\u4f7f\u7528\u5efa\u8bae\uff1a\u68c0\u7d22\u77e5\u8bc6\u70b9 => \u505a\u9898 => \u67e5\u770bWP => *\u67e5\u770b\u6e90\u4ee3\u7801</p>\r\n            <br>\r\n            <p>WriteUp(\u9898\u89e3) : <a href=\"https://github.com/hydewww/CTF_Tutorial\">https://github.com/hydewww/CTF_Tutorial</a></p>\r\n            <p>\u6b22\u8fce\u63d0\u4ea4Pull Request\u51fa\u9898\u6216\u5bf9WP\u8fdb\u884c\u8865\u5145\u4fee\u6539</p>\r\n        <br>\r\n    </div>\r\n</div>", "draft": false}], "meta": {}}